id,cause_r1,cause_r2,cause_agree,symptom_r1,symptom_r2,interv_r1,interv_r2,interv_agree,owner_r1,owner_r2,brief_r1,brief_r2
D01,H,H,True,X,X,SP,SP,True,no,no,none,none
D02,H,H,True,X,X,SP,SP,True,no,no,none,none
D03,H,B,False,X,U,SP,SP,True,no,no,none,unknown
D04,A,A,True,O,X,CC,CC,True,no,no,none,none
D05,H,H,True,R,R,SP,SP,True,no,no,none,none
D06,G1,G1,True,X,X,MD,MD,True,no,no,none,none
D07,A,A,True,R,R,SH,SH,True,yes,yes,none,none
D08,G1,G1,True,R,R,CC,CC,True,no,no,none,none
M01,A,A,True,X,X,IN,IN,True,no,no,none,none
M02,E,D,False,U,X,IN,MD,False,no,no,none,none
M03,E,E,True,U,U,BR,SP,False,no,no,contributed,contributed
M04,G2,G2,True,X,X,VH,VH,True,unknown,no,none,none
M05,F,F,True,R,R,SP,SP,True,no,no,none,none
M06,C,C,True,U,O,SP,SP,True,yes,yes,none,none
M07,G1,G1,True,U,U,VH,VH,True,no,no,none,none
M08,G3,G3,True,X,X,VH,VH,True,yes,yes,none,none
M09,G2,G2,True,P,P,VH,VH,True,no,no,none,none
M10,H,H,True,U,P,SP,SP,True,no,no,none,none
M11,C,C,True,O,O,IN,IN,True,no,no,none,none
M12,H,H,True,O,O,SP,SP,True,no,no,none,none
M13,E,D,False,O,O,IN,IN,True,no,no,contributed,contributed
M14,B,A,False,P,X,SP,SP,True,no,no,none,none
M15,G2,G2,True,U,U,VH,CU,False,no,no,none,none
M16,A,A,True,O,O,IN,IN,True,no,no,none,none
M17,B,B,True,P,X,CC,CC,True,no,no,none,none
M18,A,A,True,I,X,VH,VH,True,no,no,none,none
M19,C,C,True,P,P,SH,CU,False,yes,yes,contributed,contributed
M20,G1,G1,True,X,X,CU,CU,True,no,no,none,none
M21,A,A,True,R,R,IN,IN,True,yes,no,none,none
M22,G3,A,False,U,U,SP,SP,True,unknown,yes,none,none
M23,G3,G3,True,P,P,CU,VH,False,yes,yes,none,none
M24,G2,G2,True,X,X,CU,CU,True,no,no,none,none
M25,G2,G2,True,U,U,CU,CU,True,no,no,none,none
M27,B,B,True,O,O,SP,SP,True,no,no,none,none
M29,A,A,True,U,U,IN,IN,True,no,no,none,none
M30,G1,A,False,P,P,IN,IN,True,no,no,none,none
M32,A,C,False,P,P,SP,SP,True,no,no,none,unknown
M33,G2,G2,True,P,P,CC,CU,False,no,no,none,none
M34,A,A,True,X,X,SP,SP,True,no,no,none,none
M35,G1,H,False,X,X,BR,SP,False,no,no,decisive,decisive
M36,H,H,True,P,P,SP,SP,True,no,no,none,none
M37,G2,G2,True,P,P,VH,VH,True,no,no,none,none
M38,G2,G2,True,P,P,VH,VH,True,no,no,none,none
M39,A,A,True,X,R,IN,IN,True,no,no,none,none
M40,H,H,True,X,X,SP,SP,True,no,no,none,none
M42,H,H,True,P,P,SP,SP,True,yes,yes,none,none
T01,G1,C,False,X,X,BR,BR,True,no,no,contributed,contributed
T02,A,A,True,O,O,CC,CC,True,no,yes,none,none
T03,B,B,True,X,O,IN,IN,True,no,no,none,unknown
T04,G1,G1,True,X,X,CC,CC,True,no,no,unknown,none
T05,F,F,True,R,R,VH,VH,True,no,no,none,none
T06,C,C,True,P,P,SH,SP,False,yes,yes,none,none
T07,D,D,True,O,X,BR,CC,False,no,no,contributed,contributed
T08,G1,E,False,U,X,VH,VH,True,no,no,none,none
T09,A,A,True,O,O,IN,IN,True,no,no,none,none
T10,G2,G2,True,P,P,CU,VH,False,unknown,no,none,none
T11,D,D,True,O,O,SH,CC,False,yes,yes,none,none
